{
  "system": {
    "name": "pv_2_3",
    "S_base": 10000000.0,
    "K_p_agc": 0.0,
    "K_i_agc": 0.0,
    "K_xif": 0.01
  },
  "buses": [
    {
      "name": "POIMV",
      "P_W": 0.0,
      "Q_var": 0.0,
      "U_kV": 20.0
    },
    {
      "name": "POI",
      "P_W": 0.0,
      "Q_var": 0.0,
      "U_kV": 132.0
    },
    {
      "name": "GRID",
      "P_W": 0.0,
      "Q_var": 0.0,
      "U_kV": 132.0
    },
    {
      "name": "BESS",
      "P_W": 0.0,
      "Q_var": 0.0,
      "U_kV": 0.8
    },
    {
      "name": "LV0101",
      "P_W": 0.0,
      "Q_var": 0.0,
      "U_kV": 0.8
    },
    {
      "name": "MV0101",
      "P_W": 0.0,
      "Q_var": 0.0,
      "U_kV": 20.0
    },
    {
      "name": "LV0102",
      "P_W": 0.0,
      "Q_var": 0.0,
      "U_kV": 0.8
    },
    {
      "name": "MV0102",
      "P_W": 0.0,
      "Q_var": 0.0,
      "U_kV": 20.0
    },
    {
      "name": "LV0103",
      "P_W": 0.0,
      "Q_var": 0.0,
      "U_kV": 0.8
    },
    {
      "name": "MV0103",
      "P_W": 0.0,
      "Q_var": 0.0,
      "U_kV": 20.0
    },
    {
      "name": "LV0201",
      "P_W": 0.0,
      "Q_var": 0.0,
      "U_kV": 0.8
    },
    {
      "name": "MV0201",
      "P_W": 0.0,
      "Q_var": 0.0,
      "U_kV": 20.0
    },
    {
      "name": "LV0202",
      "P_W": 0.0,
      "Q_var": 0.0,
      "U_kV": 0.8
    },
    {
      "name": "MV0202",
      "P_W": 0.0,
      "Q_var": 0.0,
      "U_kV": 20.0
    },
    {
      "name": "LV0203",
      "P_W": 0.0,
      "Q_var": 0.0,
      "U_kV": 0.8
    },
    {
      "name": "MV0203",
      "P_W": 0.0,
      "Q_var": 0.0,
      "U_kV": 20.0
    }
  ],
  "lines": [
    {
      "bus_j": "POI",
      "bus_k": "GRID",
      "X_pu": 0.00026041666666666666,
      "R_pu": 0.0,
      "Bs_pu": 0.0,
      "S_mva": 10.0,
      "sym": true,
      "monitor": true
    },
    {
      "bus_j": "BESS",
      "bus_k": "POIMV",
      "X_pu": 0.01,
      "R_pu": 0.0,
      "Bs_pu": 0.0,
      "S_mva": 10.0,
      "sym": true,
      "monitor": true
    },
    {
      "bus_j": "LV0101",
      "bus_k": "MV0101",
      "X_pu": 0.1388888888888889,
      "R_pu": 0.027777777777777776,
      "Bs_pu": 0.0,
      "S_mva": 10.0,
      "monitor": false
    },
    {
      "bus_j": "MV0101",
      "bus_k": "POIMV",
      "X_pu": 0.0002359919225312595,
      "R_pu": 0.00034857522502323654,
      "Bs_pu": 0.00028295270082053794,
      "S_mva": 10.0,
      "monitor": true
    },
    {
      "bus_j": "LV0102",
      "bus_k": "MV0102",
      "X_pu": 0.1388888888888889,
      "R_pu": 0.027777777777777776,
      "Bs_pu": 0.0,
      "S_mva": 10.0,
      "monitor": false
    },
    {
      "bus_j": "MV0102",
      "bus_k": "MV0101",
      "X_pu": 0.000471983845062519,
      "R_pu": 0.0006971504500464731,
      "Bs_pu": 0.0005659054016410759,
      "S_mva": 10.0,
      "monitor": false
    },
    {
      "bus_j": "LV0103",
      "bus_k": "MV0103",
      "X_pu": 0.1388888888888889,
      "R_pu": 0.027777777777777776,
      "Bs_pu": 0.0,
      "S_mva": 10.0,
      "monitor": false
    },
    {
      "bus_j": "MV0103",
      "bus_k": "MV0102",
      "X_pu": 0.000471983845062519,
      "R_pu": 0.0006971504500464731,
      "Bs_pu": 0.0005659054016410759,
      "S_mva": 10.0,
      "monitor": false
    },
    {
      "bus_j": "LV0201",
      "bus_k": "MV0201",
      "X_pu": 0.1388888888888889,
      "R_pu": 0.027777777777777776,
      "Bs_pu": 0.0,
      "S_mva": 10.0,
      "monitor": false
    },
    {
      "bus_j": "MV0201",
      "bus_k": "POIMV",
      "X_pu": 0.0007079757675937787,
      "R_pu": 0.0010457256750697097,
      "Bs_pu": 0.0008488581024616139,
      "S_mva": 10.0,
      "monitor": true
    },
    {
      "bus_j": "LV0202",
      "bus_k": "MV0202",
      "X_pu": 0.1388888888888889,
      "R_pu": 0.027777777777777776,
      "Bs_pu": 0.0,
      "S_mva": 10.0,
      "monitor": false
    },
    {
      "bus_j": "MV0202",
      "bus_k": "MV0201",
      "X_pu": 0.000471983845062519,
      "R_pu": 0.0006971504500464731,
      "Bs_pu": 0.0005659054016410759,
      "S_mva": 10.0,
      "monitor": false
    },
    {
      "bus_j": "LV0203",
      "bus_k": "MV0203",
      "X_pu": 0.1388888888888889,
      "R_pu": 0.027777777777777776,
      "Bs_pu": 0.0,
      "S_mva": 10.0,
      "monitor": false
    },
    {
      "bus_j": "MV0203",
      "bus_k": "MV0202",
      "X_pu": 0.000471983845062519,
      "R_pu": 0.0006971504500464731,
      "Bs_pu": 0.0005659054016410759,
      "S_mva": 10.0,
      "monitor": false
    }
  ],
  "transformers": [
    {
      "bus_j": "POIMV",
      "bus_k": "POI",
      "X_pu": 0.013020833333333334,
      "R_pu": 0.0,
      "Bs_pu": 0.0,
      "S_mva": 10.0
    }
  ],
  "pvs": [
    {
      "bus": "LV0101",
      "type": "pv_dq_d",
      "S_n": 3000000.0,
      "U_n": 800,
      "F_n": 50.0,
      "X_s": 0.1,
      "R_s": 0.0001,
      "monitor": false,
      "I_sc": 8,
      "V_oc": 42.1,
      "I_mp": 3.56,
      "V_mp": 33.7,
      "K_vt": -0.16,
      "K_it": 0.065,
      "N_pv_s": 23,
      "N_pv_p": 1087
    },
    {
      "bus": "LV0102",
      "type": "pv_dq_d",
      "S_n": 3000000.0,
      "U_n": 800,
      "F_n": 50.0,
      "X_s": 0.1,
      "R_s": 0.0001,
      "monitor": false,
      "I_sc": 8,
      "V_oc": 42.1,
      "I_mp": 3.56,
      "V_mp": 33.7,
      "K_vt": -0.16,
      "K_it": 0.065,
      "N_pv_s": 23,
      "N_pv_p": 1087
    },
    {
      "bus": "LV0103",
      "type": "pv_dq_d",
      "S_n": 3000000.0,
      "U_n": 800,
      "F_n": 50.0,
      "X_s": 0.1,
      "R_s": 0.0001,
      "monitor": false,
      "I_sc": 8,
      "V_oc": 42.1,
      "I_mp": 3.56,
      "V_mp": 33.7,
      "K_vt": -0.16,
      "K_it": 0.065,
      "N_pv_s": 23,
      "N_pv_p": 1087
    },
    {
      "bus": "LV0201",
      "type": "pv_dq_d",
      "S_n": 3000000.0,
      "U_n": 800,
      "F_n": 50.0,
      "X_s": 0.1,
      "R_s": 0.0001,
      "monitor": false,
      "I_sc": 8,
      "V_oc": 42.1,
      "I_mp": 3.56,
      "V_mp": 33.7,
      "K_vt": -0.16,
      "K_it": 0.065,
      "N_pv_s": 23,
      "N_pv_p": 1087
    },
    {
      "bus": "LV0202",
      "type": "pv_dq_d",
      "S_n": 3000000.0,
      "U_n": 800,
      "F_n": 50.0,
      "X_s": 0.1,
      "R_s": 0.0001,
      "monitor": false,
      "I_sc": 8,
      "V_oc": 42.1,
      "I_mp": 3.56,
      "V_mp": 33.7,
      "K_vt": -0.16,
      "K_it": 0.065,
      "N_pv_s": 23,
      "N_pv_p": 1087
    },
    {
      "bus": "LV0203",
      "type": "pv_dq_d",
      "S_n": 3000000.0,
      "U_n": 800,
      "F_n": 50.0,
      "X_s": 0.1,
      "R_s": 0.0001,
      "monitor": false,
      "I_sc": 8,
      "V_oc": 42.1,
      "I_mp": 3.56,
      "V_mp": 33.7,
      "K_vt": -0.16,
      "K_it": 0.065,
      "N_pv_s": 23,
      "N_pv_p": 1087
    }
  ],
  "sources": [
    {
      "type": "genape",
      "bus": "GRID",
      "S_n": 1000000000.0,
      "F_n": 50.0,
      "X_v": 0.001,
      "R_v": 0.0,
      "K_delta": 0.001,
      "K_alpha": 1e-06
    }
  ],
  "vscs": [
    {
      "type": "bess_pq",
      "bus": "BESS",
      "E_kWh": 250,
      "S_n": 1000000.0,
      "soc_ref": 0.5,
      "socs": [
        0.0,
        0.1,
        0.2,
        0.8,
        0.9,
        1.0
      ],
      "es": [
        1,
        1.08,
        1.13,
        1.17,
        1.18,
        1.25
      ]
    }
  ]
}